{
	"BUILD_DIR" : "/home/pi/Documents/duckstation-auto-build/duckstation/2021-05-09/src/duckstation-qt/duckstation-qt_autogen",
	"CMAKE_BINARY_DIR" : "/home/pi/Documents/duckstation-auto-build/duckstation/2021-05-09",
	"CMAKE_CURRENT_BINARY_DIR" : "/home/pi/Documents/duckstation-auto-build/duckstation/2021-05-09/src/duckstation-qt",
	"CMAKE_CURRENT_SOURCE_DIR" : "/home/pi/Documents/duckstation-auto-build/duckstation/src/duckstation-qt",
	"CMAKE_SOURCE_DIR" : "/home/pi/Documents/duckstation-auto-build/duckstation",
	"INCLUDE_DIR" : "/home/pi/Documents/duckstation-auto-build/duckstation/2021-05-09/src/duckstation-qt/duckstation-qt_autogen/include",
	"INPUTS" : 
	[
		"/home/pi/Documents/duckstation-auto-build/duckstation/src/duckstation-qt/resources/icons/antialias-icon@2x.png",
		"/home/pi/Documents/duckstation-auto-build/duckstation/src/duckstation-qt/resources/icons/video-display@2x.png",
		"/home/pi/Documents/duckstation-auto-build/duckstation/src/duckstation-qt/resources/icons/debug-pc@2x.png",
		"/home/pi/Documents/duckstation-auto-build/duckstation/src/duckstation-qt/resources/icons/media-record@2x.png",
		"/home/pi/Documents/duckstation-auto-build/duckstation/src/duckstation-qt/resources/icons/go-down-16.png",
		"/home/pi/Documents/duckstation-auto-build/duckstation/src/duckstation-qt/resources/icons/media-optical.png",
		"/home/pi/Documents/duckstation-auto-build/duckstation/src/duckstation-qt/resources/icons/debug-execute-from-cursor.png",
		"/home/pi/Documents/duckstation-auto-build/duckstation/src/duckstation-qt/resources/icons/flag-eu.png",
		"/home/pi/Documents/duckstation-auto-build/duckstation/src/duckstation-qt/resources/icons/flag-uc@2x.png",
		"/home/pi/Documents/duckstation-auto-build/duckstation/src/duckstation-qt/resources/icons/applications-development@2x.png",
		"/home/pi/Documents/duckstation-auto-build/duckstation/src/duckstation-qt/resources/icons/emblem-person-blue.png",
		"/home/pi/Documents/duckstation-auto-build/duckstation/src/duckstation-qt/resources/icons/media-optical@2x.png",
		"/home/pi/Documents/duckstation-auto-build/duckstation/src/duckstation-qt/resources/icons/star-1.png",
		"/home/pi/Documents/duckstation-auto-build/duckstation/src/duckstation-qt/resources/icons/applications-other@2x.png",
		"/home/pi/Documents/duckstation-auto-build/duckstation/src/duckstation-qt/resources/icons/antialias-icon.png",
		"/home/pi/Documents/duckstation-auto-build/duckstation/src/duckstation-qt/resources/icons/audio-card.png",
		"/home/pi/Documents/duckstation-auto-build/duckstation/src/duckstation-qt/resources/icons/debug-execute-to-cursor.png",
		"/home/pi/Documents/duckstation-auto-build/duckstation/src/duckstation-qt/resources/icons/trophy@2x.png",
		"/home/pi/Documents/duckstation-auto-build/duckstation/src/duckstation-qt/resources/icons/debug-run-cursor.png",
		"/home/pi/Documents/duckstation-auto-build/duckstation/src/duckstation-qt/resources/icons/input-gaming.png",
		"/home/pi/Documents/duckstation-auto-build/duckstation/src/duckstation-qt/resources/icons/camera-photo.png",
		"/home/pi/Documents/duckstation-auto-build/duckstation/src/duckstation-qt/resources/icons/applications-system-24@2x.png",
		"/home/pi/Documents/duckstation-auto-build/duckstation/src/duckstation-qt/resources/icons/applications-development.png",
		"/home/pi/Documents/duckstation-auto-build/duckstation/src/duckstation-qt/resources/icons/document-open@2x.png",
		"/home/pi/Documents/duckstation-auto-build/duckstation/src/duckstation-qt/resources/icons/applications-internet.png",
		"/home/pi/Documents/duckstation-auto-build/duckstation/src/duckstation-qt/resources/icons/process-stop.png",
		"/home/pi/Documents/duckstation-auto-build/duckstation/src/duckstation-qt/resources/icons/star-5.png",
		"/home/pi/Documents/duckstation-auto-build/duckstation/src/duckstation-qt/resources/icons/list-remove@2x.png",
		"/home/pi/Documents/duckstation-auto-build/duckstation/src/duckstation-qt/resources/icons/preferences-system@2x.png",
		"/home/pi/Documents/duckstation-auto-build/duckstation/src/duckstation-qt/resources/icons/preferences-desktop-keyboard-shortcuts@2x.png",
		"/home/pi/Documents/duckstation-auto-build/duckstation/src/duckstation-qt/resources/icons/applications-system-24.png",
		"/home/pi/Documents/duckstation-auto-build/duckstation/src/duckstation-qt/resources/icons/document-new@2x.png",
		"/home/pi/Documents/duckstation-auto-build/duckstation/src/duckstation-qt/resources/icons/system-shutdown.png",
		"/home/pi/Documents/duckstation-auto-build/duckstation/src/duckstation-qt/resources/icons/applications-other.png",
		"/home/pi/Documents/duckstation-auto-build/duckstation/src/duckstation-qt/resources/icons/drive-optical.png",
		"/home/pi/Documents/duckstation-auto-build/duckstation/src/duckstation-qt/resources/icons/go-up-16.png",
		"/home/pi/Documents/duckstation-auto-build/duckstation/src/duckstation-qt/resources/icons/duck_128.png",
		"/home/pi/Documents/duckstation-auto-build/duckstation/src/duckstation-qt/resources/icons/flag-uc.png",
		"/home/pi/Documents/duckstation-auto-build/duckstation/src/duckstation-qt/resources/icons/flag-other.png",
		"/home/pi/Documents/duckstation-auto-build/duckstation/src/duckstation-qt/resources/icons/preferences-system.png",
		"/home/pi/Documents/duckstation-auto-build/duckstation/src/duckstation-qt/resources/icons/media-flash@2x.png",
		"/home/pi/Documents/duckstation-auto-build/duckstation/src/duckstation-qt/resources/icons/multimedia-player@2x.png",
		"/home/pi/Documents/duckstation-auto-build/duckstation/src/duckstation-qt/resources/icons/go-up-16@2x.png",
		"/home/pi/Documents/duckstation-auto-build/duckstation/src/duckstation-qt/resources/icons/star-0.png",
		"/home/pi/Documents/duckstation-auto-build/duckstation/src/duckstation-qt/resources/icons/preferences-desktop-keyboard-shortcuts.png",
		"/home/pi/Documents/duckstation-auto-build/duckstation/src/duckstation-qt/resources/icons/address-book-new-22.png",
		"/home/pi/Documents/duckstation-auto-build/duckstation/src/duckstation-qt/resources/icons/audio-card@2x.png",
		"/home/pi/Documents/duckstation-auto-build/duckstation/src/duckstation-qt/resources/icons/duck.png",
		"/home/pi/Documents/duckstation-auto-build/duckstation/src/duckstation-qt/resources/icons/edit-clear-16.png",
		"/home/pi/Documents/duckstation-auto-build/duckstation/src/duckstation-qt/resources/icons/duck_64.png",
		"/home/pi/Documents/duckstation-auto-build/duckstation/src/duckstation-qt/resources/icons/debug-pc.png",
		"/home/pi/Documents/duckstation-auto-build/duckstation/src/duckstation-qt/resources/icons/process-stop@2x.png",
		"/home/pi/Documents/duckstation-auto-build/duckstation/src/duckstation-qt/resources/icons/media-playback-start.png",
		"/home/pi/Documents/duckstation-auto-build/duckstation/src/duckstation-qt/resources/icons/debug-run.png",
		"/home/pi/Documents/duckstation-auto-build/duckstation/src/duckstation-qt/resources/icons/applications-graphics@2x.png",
		"/home/pi/Documents/duckstation-auto-build/duckstation/src/duckstation-qt/resources/icons/media-optical-24@2x.png",
		"/home/pi/Documents/duckstation-auto-build/duckstation/src/duckstation-qt/resources/icons/star-4.png",
		"/home/pi/Documents/duckstation-auto-build/duckstation/src/duckstation-qt/resources/icons/list-remove.png",
		"/home/pi/Documents/duckstation-auto-build/duckstation/src/duckstation-qt/resources/icons/media-flash-2.png",
		"/home/pi/Documents/duckstation-auto-build/duckstation/src/duckstation-qt/resources/icons/media-flash.png",
		"/home/pi/Documents/duckstation-auto-build/duckstation/src/duckstation-qt/resources/icons/debug-step-into-instruction.png",
		"/home/pi/Documents/duckstation-auto-build/duckstation/src/duckstation-qt/resources/icons/camera-video.png",
		"/home/pi/Documents/duckstation-auto-build/duckstation/src/duckstation-qt/resources/icons/media-record.png",
		"/home/pi/Documents/duckstation-auto-build/duckstation/src/duckstation-qt/resources/icons/flag-jp@2x.png",
		"/home/pi/Documents/duckstation-auto-build/duckstation/src/duckstation-qt/resources/icons/conical-flask-red.png",
		"/home/pi/Documents/duckstation-auto-build/duckstation/src/duckstation-qt/resources/icons/conical-flask-red@2x.png",
		"/home/pi/Documents/duckstation-auto-build/duckstation/src/duckstation-qt/resources/icons/document-open.png",
		"/home/pi/Documents/duckstation-auto-build/duckstation/src/duckstation-qt/resources/icons/video-display.png",
		"/home/pi/Documents/duckstation-auto-build/duckstation/src/duckstation-qt/resources/icons/trophy.png",
		"/home/pi/Documents/duckstation-auto-build/duckstation/src/duckstation-qt/resources/icons/applications-system@2x.png",
		"/home/pi/Documents/duckstation-auto-build/duckstation/src/duckstation-qt/resources/icons/debug-step-out.png",
		"/home/pi/Documents/duckstation-auto-build/duckstation/src/duckstation-qt/resources/icons/drive-removable-media@2x.png",
		"/home/pi/Documents/duckstation-auto-build/duckstation/src/duckstation-qt/resources/icons/system-file-manager.png",
		"/home/pi/Documents/duckstation-auto-build/duckstation/src/duckstation-qt/resources/icons/system-file-manager@2x.png",
		"/home/pi/Documents/duckstation-auto-build/duckstation/src/duckstation-qt/resources/icons/flag-other@2x.png",
		"/home/pi/Documents/duckstation-auto-build/duckstation/src/duckstation-qt/resources/icons/multimedia-player.png",
		"/home/pi/Documents/duckstation-auto-build/duckstation/src/duckstation-qt/resources/icons/system-search@2x.png",
		"/home/pi/Documents/duckstation-auto-build/duckstation/src/duckstation-qt/resources/icons/camera-photo@2x.png",
		"/home/pi/Documents/duckstation-auto-build/duckstation/src/duckstation-qt/resources/icons/document-save.png",
		"/home/pi/Documents/duckstation-auto-build/duckstation/src/duckstation-qt/resources/icons/debug-step-over.png",
		"/home/pi/Documents/duckstation-auto-build/duckstation/src/duckstation-qt/resources/icons/applications-system.png",
		"/home/pi/Documents/duckstation-auto-build/duckstation/src/duckstation-qt/resources/icons/star-3.png",
		"/home/pi/Documents/duckstation-auto-build/duckstation/src/duckstation-qt/resources/icons/edit-find.png",
		"/home/pi/Documents/duckstation-auto-build/duckstation/src/duckstation-qt/resources/icons/system-shutdown@2x.png",
		"/home/pi/Documents/duckstation-auto-build/duckstation/src/duckstation-qt/resources/icons/media-playback-pause.png",
		"/home/pi/Documents/duckstation-auto-build/duckstation/src/duckstation-qt/resources/icons/emblem-person-blue@2x.png",
		"/home/pi/Documents/duckstation-auto-build/duckstation/src/duckstation-qt/resources/icons/document-new.png",
		"/home/pi/Documents/duckstation-auto-build/duckstation/src/duckstation-qt/resources/icons/camera-video@2x.png",
		"/home/pi/Documents/duckstation-auto-build/duckstation/src/duckstation-qt/resources/icons/media-playback-pause@2x.png",
		"/home/pi/Documents/duckstation-auto-build/duckstation/src/duckstation-qt/resources/icons/flag-us.png",
		"/home/pi/Documents/duckstation-auto-build/duckstation/src/duckstation-qt/resources/icons/edit-clear-16@2x.png",
		"/home/pi/Documents/duckstation-auto-build/duckstation/src/duckstation-qt/resources/icons/folder-open.png",
		"/home/pi/Documents/duckstation-auto-build/duckstation/src/duckstation-qt/resources/icons/debug-step-into.png",
		"/home/pi/Documents/duckstation-auto-build/duckstation/src/duckstation-qt/resources/icons/media-flash-2@2x.png",
		"/home/pi/Documents/duckstation-auto-build/duckstation/src/duckstation-qt/resources/icons/list-add.png",
		"/home/pi/Documents/duckstation-auto-build/duckstation/src/duckstation-qt/resources/icons/view-refresh.png",
		"/home/pi/Documents/duckstation-auto-build/duckstation/src/duckstation-qt/resources/icons/debug-step-instruction.png",
		"/home/pi/Documents/duckstation-auto-build/duckstation/src/duckstation-qt/resources/icons/applications-graphics.png",
		"/home/pi/Documents/duckstation-auto-build/duckstation/src/duckstation-qt/resources/icons/media-optical-24.png",
		"/home/pi/Documents/duckstation-auto-build/duckstation/src/duckstation-qt/resources/icons/address-book-new-22@2x.png",
		"/home/pi/Documents/duckstation-auto-build/duckstation/src/duckstation-qt/resources/icons/flag-us@2x.png",
		"/home/pi/Documents/duckstation-auto-build/duckstation/src/duckstation-qt/resources/icons/media-flash-24@2x.png",
		"/home/pi/Documents/duckstation-auto-build/duckstation/src/duckstation-qt/resources/icons/system-search.png",
		"/home/pi/Documents/duckstation-auto-build/duckstation/src/duckstation-qt/resources/icons/flag-jp.png",
		"/home/pi/Documents/duckstation-auto-build/duckstation/src/duckstation-qt/resources/icons/debug-trace.png",
		"/home/pi/Documents/duckstation-auto-build/duckstation/src/duckstation-qt/resources/icons/star-2.png",
		"/home/pi/Documents/duckstation-auto-build/duckstation/src/duckstation-qt/resources/icons/view-fullscreen.png",
		"/home/pi/Documents/duckstation-auto-build/duckstation/src/duckstation-qt/resources/icons/folder-open@2x.png",
		"/home/pi/Documents/duckstation-auto-build/duckstation/src/duckstation-qt/resources/icons/software-update-available@2x.png",
		"/home/pi/Documents/duckstation-auto-build/duckstation/src/duckstation-qt/resources/icons/cover-placeholder.png",
		"/home/pi/Documents/duckstation-auto-build/duckstation/src/duckstation-qt/resources/icons/software-update-available.png",
		"/home/pi/Documents/duckstation-auto-build/duckstation/src/duckstation-qt/resources/icons/flag-eu@2x.png",
		"/home/pi/Documents/duckstation-auto-build/duckstation/src/duckstation-qt/resources/icons/drive-optical@2x.png",
		"/home/pi/Documents/duckstation-auto-build/duckstation/src/duckstation-qt/resources/icons/view-refresh@2x.png",
		"/home/pi/Documents/duckstation-auto-build/duckstation/src/duckstation-qt/resources/icons/drive-removable-media.png",
		"/home/pi/Documents/duckstation-auto-build/duckstation/src/duckstation-qt/resources/icons/document-save@2x.png",
		"/home/pi/Documents/duckstation-auto-build/duckstation/src/duckstation-qt/resources/icons/go-down-16@2x.png",
		"/home/pi/Documents/duckstation-auto-build/duckstation/src/duckstation-qt/resources/icons/media-playback-start@2x.png",
		"/home/pi/Documents/duckstation-auto-build/duckstation/src/duckstation-qt/resources/icons/view-fullscreen@2x.png",
		"/home/pi/Documents/duckstation-auto-build/duckstation/src/duckstation-qt/resources/icons/list-add@2x.png",
		"/home/pi/Documents/duckstation-auto-build/duckstation/src/duckstation-qt/resources/icons/media-flash-24.png",
		"/home/pi/Documents/duckstation-auto-build/duckstation/src/duckstation-qt/resources/icons/utilities-system-monitor@2x.png",
		"/home/pi/Documents/duckstation-auto-build/duckstation/src/duckstation-qt/resources/icons/input-gaming@2x.png",
		"/home/pi/Documents/duckstation-auto-build/duckstation/src/duckstation-qt/resources/icons/utilities-system-monitor.png",
		"/home/pi/Documents/duckstation-auto-build/duckstation/src/duckstation-qt/resources/qdarkstyle/transparent.png",
		"/home/pi/Documents/duckstation-auto-build/duckstation/src/duckstation-qt/resources/qdarkstyle/line_horizontal_pressed.png",
		"/home/pi/Documents/duckstation-auto-build/duckstation/src/duckstation-qt/resources/qdarkstyle/line_horizontal.png",
		"/home/pi/Documents/duckstation-auto-build/duckstation/src/duckstation-qt/resources/qdarkstyle/arrow_left_disabled@2x.png",
		"/home/pi/Documents/duckstation-auto-build/duckstation/src/duckstation-qt/resources/qdarkstyle/branch_more_focus.png",
		"/home/pi/Documents/duckstation-auto-build/duckstation/src/duckstation-qt/resources/qdarkstyle/arrow_down_disabled@2x.png",
		"/home/pi/Documents/duckstation-auto-build/duckstation/src/duckstation-qt/resources/qdarkstyle/toolbar_move_vertical_pressed.png",
		"/home/pi/Documents/duckstation-auto-build/duckstation/src/duckstation-qt/resources/qdarkstyle/window_close_pressed@2x.png",
		"/home/pi/Documents/duckstation-auto-build/duckstation/src/duckstation-qt/resources/qdarkstyle/arrow_up_focus.png",
		"/home/pi/Documents/duckstation-auto-build/duckstation/src/duckstation-qt/resources/qdarkstyle/toolbar_separator_horizontal_pressed@2x.png",
		"/home/pi/Documents/duckstation-auto-build/duckstation/src/duckstation-qt/resources/qdarkstyle/window_close_pressed.png",
		"/home/pi/Documents/duckstation-auto-build/duckstation/src/duckstation-qt/resources/qdarkstyle/branch_open_disabled@2x.png",
		"/home/pi/Documents/duckstation-auto-build/duckstation/src/duckstation-qt/resources/qdarkstyle/line_horizontal_focus@2x.png",
		"/home/pi/Documents/duckstation-auto-build/duckstation/src/duckstation-qt/resources/qdarkstyle/checkbox_unchecked.png",
		"/home/pi/Documents/duckstation-auto-build/duckstation/src/duckstation-qt/resources/qdarkstyle/radio_checked_focus@2x.png",
		"/home/pi/Documents/duckstation-auto-build/duckstation/src/duckstation-qt/resources/qdarkstyle/checkbox_checked_pressed@2x.png",
		"/home/pi/Documents/duckstation-auto-build/duckstation/src/duckstation-qt/resources/qdarkstyle/base_icon_disabled.png",
		"/home/pi/Documents/duckstation-auto-build/duckstation/src/duckstation-qt/resources/qdarkstyle/toolbar_move_horizontal.png",
		"/home/pi/Documents/duckstation-auto-build/duckstation/src/duckstation-qt/resources/qdarkstyle/window_close_disabled.png",
		"/home/pi/Documents/duckstation-auto-build/duckstation/src/duckstation-qt/resources/qdarkstyle/branch_line@2x.png",
		"/home/pi/Documents/duckstation-auto-build/duckstation/src/duckstation-qt/resources/qdarkstyle/toolbar_move_vertical@2x.png",
		"/home/pi/Documents/duckstation-auto-build/duckstation/src/duckstation-qt/resources/qdarkstyle/arrow_right_pressed@2x.png",
		"/home/pi/Documents/duckstation-auto-build/duckstation/src/duckstation-qt/resources/qdarkstyle/arrow_up_disabled.png",
		"/home/pi/Documents/duckstation-auto-build/duckstation/src/duckstation-qt/resources/qdarkstyle/checkbox_checked@2x.png",
		"/home/pi/Documents/duckstation-auto-build/duckstation/src/duckstation-qt/resources/qdarkstyle/toolbar_move_vertical_focus.png",
		"/home/pi/Documents/duckstation-auto-build/duckstation/src/duckstation-qt/resources/qdarkstyle/radio_unchecked_disabled.png",
		"/home/pi/Documents/duckstation-auto-build/duckstation/src/duckstation-qt/resources/qdarkstyle/checkbox_indeterminate.png",
		"/home/pi/Documents/duckstation-auto-build/duckstation/src/duckstation-qt/resources/qdarkstyle/window_close_disabled@2x.png",
		"/home/pi/Documents/duckstation-auto-build/duckstation/src/duckstation-qt/resources/qdarkstyle/window_grip_pressed@2x.png",
		"/home/pi/Documents/duckstation-auto-build/duckstation/src/duckstation-qt/resources/qdarkstyle/toolbar_separator_horizontal_focus@2x.png",
		"/home/pi/Documents/duckstation-auto-build/duckstation/src/duckstation-qt/resources/qdarkstyle/branch_closed_disabled.png",
		"/home/pi/Documents/duckstation-auto-build/duckstation/src/duckstation-qt/resources/qdarkstyle/branch_line.png",
		"/home/pi/Documents/duckstation-auto-build/duckstation/src/duckstation-qt/resources/qdarkstyle/checkbox_indeterminate_pressed.png",
		"/home/pi/Documents/duckstation-auto-build/duckstation/src/duckstation-qt/resources/qdarkstyle/transparent_focus.png",
		"/home/pi/Documents/duckstation-auto-build/duckstation/src/duckstation-qt/resources/qdarkstyle/toolbar_separator_horizontal.png",
		"/home/pi/Documents/duckstation-auto-build/duckstation/src/duckstation-qt/resources/qdarkstyle/branch_end_focus.png",
		"/home/pi/Documents/duckstation-auto-build/duckstation/src/duckstation-qt/resources/qdarkstyle/checkbox_unchecked@2x.png",
		"/home/pi/Documents/duckstation-auto-build/duckstation/src/duckstation-qt/resources/qdarkstyle/window_undock_disabled.png",
		"/home/pi/Documents/duckstation-auto-build/duckstation/src/duckstation-qt/resources/qdarkstyle/radio_checked_pressed@2x.png",
		"/home/pi/Documents/duckstation-auto-build/duckstation/src/duckstation-qt/resources/qdarkstyle/branch_end_focus@2x.png",
		"/home/pi/Documents/duckstation-auto-build/duckstation/src/duckstation-qt/resources/qdarkstyle/toolbar_move_horizontal_focus.png",
		"/home/pi/Documents/duckstation-auto-build/duckstation/src/duckstation-qt/resources/qdarkstyle/arrow_left_focus.png",
		"/home/pi/Documents/duckstation-auto-build/duckstation/src/duckstation-qt/resources/qdarkstyle/arrow_left@2x.png",
		"/home/pi/Documents/duckstation-auto-build/duckstation/src/duckstation-qt/resources/qdarkstyle/toolbar_separator_vertical_focus@2x.png",
		"/home/pi/Documents/duckstation-auto-build/duckstation/src/duckstation-qt/resources/qdarkstyle/window_grip_focus@2x.png",
		"/home/pi/Documents/duckstation-auto-build/duckstation/src/duckstation-qt/resources/qdarkstyle/window_undock_focus.png",
		"/home/pi/Documents/duckstation-auto-build/duckstation/src/duckstation-qt/resources/qdarkstyle/window_close.png",
		"/home/pi/Documents/duckstation-auto-build/duckstation/src/duckstation-qt/resources/qdarkstyle/line_horizontal@2x.png",
		"/home/pi/Documents/duckstation-auto-build/duckstation/src/duckstation-qt/resources/qdarkstyle/toolbar_move_vertical_disabled@2x.png",
		"/home/pi/Documents/duckstation-auto-build/duckstation/src/duckstation-qt/resources/qdarkstyle/line_vertical_focus@2x.png",
		"/home/pi/Documents/duckstation-auto-build/duckstation/src/duckstation-qt/resources/qdarkstyle/arrow_right@2x.png",
		"/home/pi/Documents/duckstation-auto-build/duckstation/src/duckstation-qt/resources/qdarkstyle/base_icon_pressed.png",
		"/home/pi/Documents/duckstation-auto-build/duckstation/src/duckstation-qt/resources/qdarkstyle/branch_line_focus.png",
		"/home/pi/Documents/duckstation-auto-build/duckstation/src/duckstation-qt/resources/qdarkstyle/window_grip_focus.png",
		"/home/pi/Documents/duckstation-auto-build/duckstation/src/duckstation-qt/resources/qdarkstyle/arrow_right_disabled@2x.png",
		"/home/pi/Documents/duckstation-auto-build/duckstation/src/duckstation-qt/resources/qdarkstyle/branch_more_pressed@2x.png",
		"/home/pi/Documents/duckstation-auto-build/duckstation/src/duckstation-qt/resources/qdarkstyle/toolbar_move_vertical_disabled.png",
		"/home/pi/Documents/duckstation-auto-build/duckstation/src/duckstation-qt/resources/qdarkstyle/arrow_up.png",
		"/home/pi/Documents/duckstation-auto-build/duckstation/src/duckstation-qt/resources/qdarkstyle/arrow_left_pressed@2x.png",
		"/home/pi/Documents/duckstation-auto-build/duckstation/src/duckstation-qt/resources/qdarkstyle/checkbox_checked.png",
		"/home/pi/Documents/duckstation-auto-build/duckstation/src/duckstation-qt/resources/qdarkstyle/toolbar_move_horizontal_disabled.png",
		"/home/pi/Documents/duckstation-auto-build/duckstation/src/duckstation-qt/resources/qdarkstyle/line_vertical_pressed.png",
		"/home/pi/Documents/duckstation-auto-build/duckstation/src/duckstation-qt/resources/qdarkstyle/base_icon_pressed@2x.png",
		"/home/pi/Documents/duckstation-auto-build/duckstation/src/duckstation-qt/resources/qdarkstyle/toolbar_separator_vertical_focus.png",
		"/home/pi/Documents/duckstation-auto-build/duckstation/src/duckstation-qt/resources/qdarkstyle/branch_end_pressed.png",
		"/home/pi/Documents/duckstation-auto-build/duckstation/src/duckstation-qt/resources/qdarkstyle/checkbox_indeterminate_focus@2x.png",
		"/home/pi/Documents/duckstation-auto-build/duckstation/src/duckstation-qt/resources/qdarkstyle/window_minimize_disabled.png",
		"/home/pi/Documents/duckstation-auto-build/duckstation/src/duckstation-qt/resources/qdarkstyle/window_undock_pressed.png",
		"/home/pi/Documents/duckstation-auto-build/duckstation/src/duckstation-qt/resources/qdarkstyle/radio_checked@2x.png",
		"/home/pi/Documents/duckstation-auto-build/duckstation/src/duckstation-qt/resources/qdarkstyle/toolbar_move_horizontal_disabled@2x.png",
		"/home/pi/Documents/duckstation-auto-build/duckstation/src/duckstation-qt/resources/qdarkstyle/branch_closed_disabled@2x.png",
		"/home/pi/Documents/duckstation-auto-build/duckstation/src/duckstation-qt/resources/qdarkstyle/line_vertical.png",
		"/home/pi/Documents/duckstation-auto-build/duckstation/src/duckstation-qt/resources/qdarkstyle/branch_line_disabled.png",
		"/home/pi/Documents/duckstation-auto-build/duckstation/src/duckstation-qt/resources/qdarkstyle/toolbar_separator_vertical.png",
		"/home/pi/Documents/duckstation-auto-build/duckstation/src/duckstation-qt/resources/qdarkstyle/branch_more_disabled.png",
		"/home/pi/Documents/duckstation-auto-build/duckstation/src/duckstation-qt/resources/qdarkstyle/toolbar_move_horizontal@2x.png",
		"/home/pi/Documents/duckstation-auto-build/duckstation/src/duckstation-qt/resources/qdarkstyle/window_undock_disabled@2x.png",
		"/home/pi/Documents/duckstation-auto-build/duckstation/src/duckstation-qt/resources/qdarkstyle/arrow_down_pressed.png",
		"/home/pi/Documents/duckstation-auto-build/duckstation/src/duckstation-qt/resources/qdarkstyle/toolbar_separator_horizontal_disabled@2x.png",
		"/home/pi/Documents/duckstation-auto-build/duckstation/src/duckstation-qt/resources/qdarkstyle/branch_more_disabled@2x.png",
		"/home/pi/Documents/duckstation-auto-build/duckstation/src/duckstation-qt/resources/qdarkstyle/line_vertical_focus.png",
		"/home/pi/Documents/duckstation-auto-build/duckstation/src/duckstation-qt/resources/qdarkstyle/toolbar_separator_horizontal@2x.png",
		"/home/pi/Documents/duckstation-auto-build/duckstation/src/duckstation-qt/resources/qdarkstyle/arrow_left_focus@2x.png",
		"/home/pi/Documents/duckstation-auto-build/duckstation/src/duckstation-qt/resources/qdarkstyle/transparent_focus@2x.png",
		"/home/pi/Documents/duckstation-auto-build/duckstation/src/duckstation-qt/resources/qdarkstyle/style.qss",
		"/home/pi/Documents/duckstation-auto-build/duckstation/src/duckstation-qt/resources/qdarkstyle/branch_open_focus@2x.png",
		"/home/pi/Documents/duckstation-auto-build/duckstation/src/duckstation-qt/resources/qdarkstyle/toolbar_separator_vertical_disabled@2x.png",
		"/home/pi/Documents/duckstation-auto-build/duckstation/src/duckstation-qt/resources/qdarkstyle/arrow_down_focus@2x.png",
		"/home/pi/Documents/duckstation-auto-build/duckstation/src/duckstation-qt/resources/qdarkstyle/arrow_up_pressed@2x.png",
		"/home/pi/Documents/duckstation-auto-build/duckstation/src/duckstation-qt/resources/qdarkstyle/arrow_up_disabled@2x.png",
		"/home/pi/Documents/duckstation-auto-build/duckstation/src/duckstation-qt/resources/qdarkstyle/checkbox_checked_disabled.png",
		"/home/pi/Documents/duckstation-auto-build/duckstation/src/duckstation-qt/resources/qdarkstyle/checkbox_checked_disabled@2x.png",
		"/home/pi/Documents/duckstation-auto-build/duckstation/src/duckstation-qt/resources/qdarkstyle/line_vertical@2x.png",
		"/home/pi/Documents/duckstation-auto-build/duckstation/src/duckstation-qt/resources/qdarkstyle/window_close@2x.png",
		"/home/pi/Documents/duckstation-auto-build/duckstation/src/duckstation-qt/resources/qdarkstyle/arrow_right_disabled.png",
		"/home/pi/Documents/duckstation-auto-build/duckstation/src/duckstation-qt/resources/qdarkstyle/branch_open@2x.png",
		"/home/pi/Documents/duckstation-auto-build/duckstation/src/duckstation-qt/resources/qdarkstyle/checkbox_unchecked_focus@2x.png",
		"/home/pi/Documents/duckstation-auto-build/duckstation/src/duckstation-qt/resources/qdarkstyle/line_vertical_disabled@2x.png",
		"/home/pi/Documents/duckstation-auto-build/duckstation/src/duckstation-qt/resources/qdarkstyle/branch_more.png",
		"/home/pi/Documents/duckstation-auto-build/duckstation/src/duckstation-qt/resources/qdarkstyle/transparent_pressed@2x.png",
		"/home/pi/Documents/duckstation-auto-build/duckstation/src/duckstation-qt/resources/qdarkstyle/toolbar_move_vertical.png",
		"/home/pi/Documents/duckstation-auto-build/duckstation/src/duckstation-qt/resources/qdarkstyle/line_horizontal_focus.png",
		"/home/pi/Documents/duckstation-auto-build/duckstation/src/duckstation-qt/resources/qdarkstyle/window_minimize_focus.png",
		"/home/pi/Documents/duckstation-auto-build/duckstation/src/duckstation-qt/resources/qdarkstyle/checkbox_indeterminate@2x.png",
		"/home/pi/Documents/duckstation-auto-build/duckstation/src/duckstation-qt/resources/qdarkstyle/branch_end_pressed@2x.png",
		"/home/pi/Documents/duckstation-auto-build/duckstation/src/duckstation-qt/resources/qdarkstyle/arrow_up_pressed.png",
		"/home/pi/Documents/duckstation-auto-build/duckstation/src/duckstation-qt/resources/qdarkstyle/arrow_right.png",
		"/home/pi/Documents/duckstation-auto-build/duckstation/src/duckstation-qt/resources/qdarkstyle/radio_checked_disabled@2x.png",
		"/home/pi/Documents/duckstation-auto-build/duckstation/src/duckstation-qt/resources/qdarkstyle/branch_open_pressed.png",
		"/home/pi/Documents/duckstation-auto-build/duckstation/src/duckstation-qt/resources/qdarkstyle/line_horizontal_disabled.png",
		"/home/pi/Documents/duckstation-auto-build/duckstation/src/duckstation-qt/resources/qdarkstyle/window_close_focus.png",
		"/home/pi/Documents/duckstation-auto-build/duckstation/src/duckstation-qt/resources/qdarkstyle/radio_checked_disabled.png",
		"/home/pi/Documents/duckstation-auto-build/duckstation/src/duckstation-qt/resources/qdarkstyle/branch_more@2x.png",
		"/home/pi/Documents/duckstation-auto-build/duckstation/src/duckstation-qt/resources/qdarkstyle/branch_open.png",
		"/home/pi/Documents/duckstation-auto-build/duckstation/src/duckstation-qt/resources/qdarkstyle/checkbox_unchecked_disabled@2x.png",
		"/home/pi/Documents/duckstation-auto-build/duckstation/src/duckstation-qt/resources/qdarkstyle/base_icon_focus@2x.png",
		"/home/pi/Documents/duckstation-auto-build/duckstation/src/duckstation-qt/resources/qdarkstyle/checkbox_unchecked_pressed.png",
		"/home/pi/Documents/duckstation-auto-build/duckstation/src/duckstation-qt/resources/qdarkstyle/window_close_focus@2x.png",
		"/home/pi/Documents/duckstation-auto-build/duckstation/src/duckstation-qt/resources/qdarkstyle/window_minimize_pressed@2x.png",
		"/home/pi/Documents/duckstation-auto-build/duckstation/src/duckstation-qt/resources/qdarkstyle/branch_closed.png",
		"/home/pi/Documents/duckstation-auto-build/duckstation/src/duckstation-qt/resources/qdarkstyle/arrow_up_focus@2x.png",
		"/home/pi/Documents/duckstation-auto-build/duckstation/src/duckstation-qt/resources/qdarkstyle/radio_checked_pressed.png",
		"/home/pi/Documents/duckstation-auto-build/duckstation/src/duckstation-qt/resources/qdarkstyle/branch_end_disabled@2x.png",
		"/home/pi/Documents/duckstation-auto-build/duckstation/src/duckstation-qt/resources/qdarkstyle/radio_unchecked_disabled@2x.png",
		"/home/pi/Documents/duckstation-auto-build/duckstation/src/duckstation-qt/resources/qdarkstyle/radio_unchecked_focus@2x.png",
		"/home/pi/Documents/duckstation-auto-build/duckstation/src/duckstation-qt/resources/qdarkstyle/base_icon@2x.png",
		"/home/pi/Documents/duckstation-auto-build/duckstation/src/duckstation-qt/resources/qdarkstyle/toolbar_move_vertical_pressed@2x.png",
		"/home/pi/Documents/duckstation-auto-build/duckstation/src/duckstation-qt/resources/qdarkstyle/toolbar_separator_vertical_pressed.png",
		"/home/pi/Documents/duckstation-auto-build/duckstation/src/duckstation-qt/resources/qdarkstyle/toolbar_separator_horizontal_disabled.png",
		"/home/pi/Documents/duckstation-auto-build/duckstation/src/duckstation-qt/resources/qdarkstyle/branch_line_disabled@2x.png",
		"/home/pi/Documents/duckstation-auto-build/duckstation/src/duckstation-qt/resources/qdarkstyle/branch_closed_pressed.png",
		"/home/pi/Documents/duckstation-auto-build/duckstation/src/duckstation-qt/resources/qdarkstyle/branch_closed_focus@2x.png",
		"/home/pi/Documents/duckstation-auto-build/duckstation/src/duckstation-qt/resources/qdarkstyle/window_minimize@2x.png",
		"/home/pi/Documents/duckstation-auto-build/duckstation/src/duckstation-qt/resources/qdarkstyle/window_minimize.png",
		"/home/pi/Documents/duckstation-auto-build/duckstation/src/duckstation-qt/resources/qdarkstyle/transparent_pressed.png",
		"/home/pi/Documents/duckstation-auto-build/duckstation/src/duckstation-qt/resources/qdarkstyle/window_grip@2x.png",
		"/home/pi/Documents/duckstation-auto-build/duckstation/src/duckstation-qt/resources/qdarkstyle/checkbox_indeterminate_pressed@2x.png",
		"/home/pi/Documents/duckstation-auto-build/duckstation/src/duckstation-qt/resources/qdarkstyle/base_icon_focus.png",
		"/home/pi/Documents/duckstation-auto-build/duckstation/src/duckstation-qt/resources/qdarkstyle/checkbox_checked_pressed.png",
		"/home/pi/Documents/duckstation-auto-build/duckstation/src/duckstation-qt/resources/qdarkstyle/arrow_down_focus.png",
		"/home/pi/Documents/duckstation-auto-build/duckstation/src/duckstation-qt/resources/qdarkstyle/radio_checked.png",
		"/home/pi/Documents/duckstation-auto-build/duckstation/src/duckstation-qt/resources/qdarkstyle/branch_end_disabled.png",
		"/home/pi/Documents/duckstation-auto-build/duckstation/src/duckstation-qt/resources/qdarkstyle/toolbar_move_horizontal_pressed.png",
		"/home/pi/Documents/duckstation-auto-build/duckstation/src/duckstation-qt/resources/qdarkstyle/radio_unchecked_focus.png",
		"/home/pi/Documents/duckstation-auto-build/duckstation/src/duckstation-qt/resources/qdarkstyle/window_undock_focus@2x.png",
		"/home/pi/Documents/duckstation-auto-build/duckstation/src/duckstation-qt/resources/qdarkstyle/radio_unchecked_pressed.png",
		"/home/pi/Documents/duckstation-auto-build/duckstation/src/duckstation-qt/resources/qdarkstyle/toolbar_separator_vertical_disabled.png",
		"/home/pi/Documents/duckstation-auto-build/duckstation/src/duckstation-qt/resources/qdarkstyle/window_undock.png",
		"/home/pi/Documents/duckstation-auto-build/duckstation/src/duckstation-qt/resources/qdarkstyle/window_grip_disabled.png",
		"/home/pi/Documents/duckstation-auto-build/duckstation/src/duckstation-qt/resources/qdarkstyle/branch_open_pressed@2x.png",
		"/home/pi/Documents/duckstation-auto-build/duckstation/src/duckstation-qt/resources/qdarkstyle/radio_checked_focus.png",
		"/home/pi/Documents/duckstation-auto-build/duckstation/src/duckstation-qt/resources/qdarkstyle/checkbox_checked_focus.png",
		"/home/pi/Documents/duckstation-auto-build/duckstation/src/duckstation-qt/resources/qdarkstyle/window_undock_pressed@2x.png",
		"/home/pi/Documents/duckstation-auto-build/duckstation/src/duckstation-qt/resources/qdarkstyle/line_vertical_disabled.png",
		"/home/pi/Documents/duckstation-auto-build/duckstation/src/duckstation-qt/resources/qdarkstyle/checkbox_unchecked_focus.png",
		"/home/pi/Documents/duckstation-auto-build/duckstation/src/duckstation-qt/resources/qdarkstyle/branch_closed_focus.png",
		"/home/pi/Documents/duckstation-auto-build/duckstation/src/duckstation-qt/resources/qdarkstyle/arrow_down@2x.png",
		"/home/pi/Documents/duckstation-auto-build/duckstation/src/duckstation-qt/resources/qdarkstyle/toolbar_move_vertical_focus@2x.png",
		"/home/pi/Documents/duckstation-auto-build/duckstation/src/duckstation-qt/resources/qdarkstyle/toolbar_separator_horizontal_focus.png",
		"/home/pi/Documents/duckstation-auto-build/duckstation/src/duckstation-qt/resources/qdarkstyle/window_grip_disabled@2x.png",
		"/home/pi/Documents/duckstation-auto-build/duckstation/src/duckstation-qt/resources/qdarkstyle/radio_unchecked.png",
		"/home/pi/Documents/duckstation-auto-build/duckstation/src/duckstation-qt/resources/qdarkstyle/checkbox_unchecked_pressed@2x.png",
		"/home/pi/Documents/duckstation-auto-build/duckstation/src/duckstation-qt/resources/qdarkstyle/window_grip.png",
		"/home/pi/Documents/duckstation-auto-build/duckstation/src/duckstation-qt/resources/qdarkstyle/toolbar_separator_vertical@2x.png",
		"/home/pi/Documents/duckstation-auto-build/duckstation/src/duckstation-qt/resources/qdarkstyle/arrow_right_focus.png",
		"/home/pi/Documents/duckstation-auto-build/duckstation/src/duckstation-qt/resources/qdarkstyle/toolbar_move_horizontal_focus@2x.png",
		"/home/pi/Documents/duckstation-auto-build/duckstation/src/duckstation-qt/resources/qdarkstyle/transparent_disabled@2x.png",
		"/home/pi/Documents/duckstation-auto-build/duckstation/src/duckstation-qt/resources/qdarkstyle/base_icon_disabled@2x.png",
		"/home/pi/Documents/duckstation-auto-build/duckstation/src/duckstation-qt/resources/qdarkstyle/window_grip_pressed.png",
		"/home/pi/Documents/duckstation-auto-build/duckstation/src/duckstation-qt/resources/qdarkstyle/base_icon.png",
		"/home/pi/Documents/duckstation-auto-build/duckstation/src/duckstation-qt/resources/qdarkstyle/transparent@2x.png",
		"/home/pi/Documents/duckstation-auto-build/duckstation/src/duckstation-qt/resources/qdarkstyle/arrow_up@2x.png",
		"/home/pi/Documents/duckstation-auto-build/duckstation/src/duckstation-qt/resources/qdarkstyle/line_vertical_pressed@2x.png",
		"/home/pi/Documents/duckstation-auto-build/duckstation/src/duckstation-qt/resources/qdarkstyle/line_horizontal_disabled@2x.png",
		"/home/pi/Documents/duckstation-auto-build/duckstation/src/duckstation-qt/resources/qdarkstyle/window_minimize_disabled@2x.png",
		"/home/pi/Documents/duckstation-auto-build/duckstation/src/duckstation-qt/resources/qdarkstyle/checkbox_indeterminate_disabled.png",
		"/home/pi/Documents/duckstation-auto-build/duckstation/src/duckstation-qt/resources/qdarkstyle/window_minimize_focus@2x.png",
		"/home/pi/Documents/duckstation-auto-build/duckstation/src/duckstation-qt/resources/qdarkstyle/window_undock@2x.png",
		"/home/pi/Documents/duckstation-auto-build/duckstation/src/duckstation-qt/resources/qdarkstyle/checkbox_indeterminate_disabled@2x.png",
		"/home/pi/Documents/duckstation-auto-build/duckstation/src/duckstation-qt/resources/qdarkstyle/branch_line_pressed@2x.png",
		"/home/pi/Documents/duckstation-auto-build/duckstation/src/duckstation-qt/resources/qdarkstyle/branch_line_focus@2x.png",
		"/home/pi/Documents/duckstation-auto-build/duckstation/src/duckstation-qt/resources/qdarkstyle/branch_line_pressed.png",
		"/home/pi/Documents/duckstation-auto-build/duckstation/src/duckstation-qt/resources/qdarkstyle/window_minimize_pressed.png",
		"/home/pi/Documents/duckstation-auto-build/duckstation/src/duckstation-qt/resources/qdarkstyle/radio_unchecked@2x.png",
		"/home/pi/Documents/duckstation-auto-build/duckstation/src/duckstation-qt/resources/qdarkstyle/checkbox_indeterminate_focus.png",
		"/home/pi/Documents/duckstation-auto-build/duckstation/src/duckstation-qt/resources/qdarkstyle/branch_closed_pressed@2x.png",
		"/home/pi/Documents/duckstation-auto-build/duckstation/src/duckstation-qt/resources/qdarkstyle/arrow_left.png",
		"/home/pi/Documents/duckstation-auto-build/duckstation/src/duckstation-qt/resources/qdarkstyle/toolbar_separator_vertical_pressed@2x.png",
		"/home/pi/Documents/duckstation-auto-build/duckstation/src/duckstation-qt/resources/qdarkstyle/branch_more_focus@2x.png",
		"/home/pi/Documents/duckstation-auto-build/duckstation/src/duckstation-qt/resources/qdarkstyle/line_horizontal_pressed@2x.png",
		"/home/pi/Documents/duckstation-auto-build/duckstation/src/duckstation-qt/resources/qdarkstyle/branch_more_pressed.png",
		"/home/pi/Documents/duckstation-auto-build/duckstation/src/duckstation-qt/resources/qdarkstyle/arrow_right_pressed.png",
		"/home/pi/Documents/duckstation-auto-build/duckstation/src/duckstation-qt/resources/qdarkstyle/arrow_down_pressed@2x.png",
		"/home/pi/Documents/duckstation-auto-build/duckstation/src/duckstation-qt/resources/qdarkstyle/toolbar_separator_horizontal_pressed.png",
		"/home/pi/Documents/duckstation-auto-build/duckstation/src/duckstation-qt/resources/qdarkstyle/branch_closed@2x.png",
		"/home/pi/Documents/duckstation-auto-build/duckstation/src/duckstation-qt/resources/qdarkstyle/branch_end@2x.png",
		"/home/pi/Documents/duckstation-auto-build/duckstation/src/duckstation-qt/resources/qdarkstyle/arrow_left_disabled.png",
		"/home/pi/Documents/duckstation-auto-build/duckstation/src/duckstation-qt/resources/qdarkstyle/transparent_disabled.png",
		"/home/pi/Documents/duckstation-auto-build/duckstation/src/duckstation-qt/resources/qdarkstyle/branch_open_disabled.png",
		"/home/pi/Documents/duckstation-auto-build/duckstation/src/duckstation-qt/resources/qdarkstyle/branch_open_focus.png",
		"/home/pi/Documents/duckstation-auto-build/duckstation/src/duckstation-qt/resources/qdarkstyle/arrow_down_disabled.png",
		"/home/pi/Documents/duckstation-auto-build/duckstation/src/duckstation-qt/resources/qdarkstyle/radio_unchecked_pressed@2x.png",
		"/home/pi/Documents/duckstation-auto-build/duckstation/src/duckstation-qt/resources/qdarkstyle/branch_end.png",
		"/home/pi/Documents/duckstation-auto-build/duckstation/src/duckstation-qt/resources/qdarkstyle/checkbox_unchecked_disabled.png",
		"/home/pi/Documents/duckstation-auto-build/duckstation/src/duckstation-qt/resources/qdarkstyle/checkbox_checked_focus@2x.png",
		"/home/pi/Documents/duckstation-auto-build/duckstation/src/duckstation-qt/resources/qdarkstyle/arrow_left_pressed.png",
		"/home/pi/Documents/duckstation-auto-build/duckstation/src/duckstation-qt/resources/qdarkstyle/arrow_down.png",
		"/home/pi/Documents/duckstation-auto-build/duckstation/src/duckstation-qt/resources/qdarkstyle/toolbar_move_horizontal_pressed@2x.png",
		"/home/pi/Documents/duckstation-auto-build/duckstation/src/duckstation-qt/resources/qdarkstyle/arrow_right_focus@2x.png"
	],
	"LOCK_FILE" : "/home/pi/Documents/duckstation-auto-build/duckstation/2021-05-09/src/duckstation-qt/CMakeFiles/duckstation-qt_autogen.dir/AutoRcc_resources_3YJK5W5UP7_Lock.lock",
	"MULTI_CONFIG" : false,
	"OPTIONS" : [ "-name", "resources" ],
	"OUTPUT_CHECKSUM" : "3YJK5W5UP7",
	"OUTPUT_NAME" : "qrc_resources.cpp",
	"RCC_EXECUTABLE" : "/usr/lib/qt5/bin/rcc",
	"RCC_LIST_OPTIONS" : [ "--list" ],
	"SETTINGS_FILE" : "/home/pi/Documents/duckstation-auto-build/duckstation/2021-05-09/src/duckstation-qt/CMakeFiles/duckstation-qt_autogen.dir/AutoRcc_resources_3YJK5W5UP7_Used.txt",
	"SOURCE" : "/home/pi/Documents/duckstation-auto-build/duckstation/src/duckstation-qt/resources/resources.qrc",
	"VERBOSITY" : 0
}
