{
	"BUILD_DIR" : "/home/pi/Documents/duckstation-auto-build/duckstation/2021-04-26/src/duckstation-qt/duckstation-qt_autogen",
	"CMAKE_BINARY_DIR" : "/home/pi/Documents/duckstation-auto-build/duckstation/2021-04-26",
	"CMAKE_CURRENT_BINARY_DIR" : "/home/pi/Documents/duckstation-auto-build/duckstation/2021-04-26/src/duckstation-qt",
	"CMAKE_CURRENT_SOURCE_DIR" : "/home/pi/Documents/duckstation-auto-build/duckstation/src/duckstation-qt",
	"CMAKE_EXECUTABLE" : "/usr/bin/cmake",
	"CMAKE_SOURCE_DIR" : "/home/pi/Documents/duckstation-auto-build/duckstation",
	"HEADERS" : 
	[
		[
			"/home/pi/Documents/duckstation-auto-build/duckstation/src/duckstation-qt/aboutdialog.h",
			"MU",
			"EWIEGA46WW/moc_aboutdialog.cpp"
		],
		[
			"/home/pi/Documents/duckstation-auto-build/duckstation/src/duckstation-qt/achievementlogindialog.h",
			"MU",
			"EWIEGA46WW/moc_achievementlogindialog.cpp"
		],
		[
			"/home/pi/Documents/duckstation-auto-build/duckstation/src/duckstation-qt/achievementsettingswidget.h",
			"MU",
			"EWIEGA46WW/moc_achievementsettingswidget.cpp"
		],
		[
			"/home/pi/Documents/duckstation-auto-build/duckstation/src/duckstation-qt/advancedsettingswidget.h",
			"MU",
			"EWIEGA46WW/moc_advancedsettingswidget.cpp"
		],
		[
			"/home/pi/Documents/duckstation-auto-build/duckstation/src/duckstation-qt/audiosettingswidget.h",
			"MU",
			"EWIEGA46WW/moc_audiosettingswidget.cpp"
		],
		[
			"/home/pi/Documents/duckstation-auto-build/duckstation/src/duckstation-qt/autoupdaterdialog.h",
			"MU",
			"EWIEGA46WW/moc_autoupdaterdialog.cpp"
		],
		[
			"/home/pi/Documents/duckstation-auto-build/duckstation/src/duckstation-qt/biossettingswidget.h",
			"MU",
			"EWIEGA46WW/moc_biossettingswidget.cpp"
		],
		[
			"/home/pi/Documents/duckstation-auto-build/duckstation/src/duckstation-qt/cheatcodeeditordialog.h",
			"MU",
			"EWIEGA46WW/moc_cheatcodeeditordialog.cpp"
		],
		[
			"/home/pi/Documents/duckstation-auto-build/duckstation/src/duckstation-qt/cheatmanagerdialog.h",
			"MU",
			"EWIEGA46WW/moc_cheatmanagerdialog.cpp"
		],
		[
			"/home/pi/Documents/duckstation-auto-build/duckstation/src/duckstation-qt/consolesettingswidget.h",
			"MU",
			"EWIEGA46WW/moc_consolesettingswidget.cpp"
		],
		[
			"/home/pi/Documents/duckstation-auto-build/duckstation/src/duckstation-qt/controllersettingswidget.h",
			"MU",
			"EWIEGA46WW/moc_controllersettingswidget.cpp"
		],
		[
			"/home/pi/Documents/duckstation-auto-build/duckstation/src/duckstation-qt/debuggermodels.h",
			"MU",
			"EWIEGA46WW/moc_debuggermodels.cpp"
		],
		[
			"/home/pi/Documents/duckstation-auto-build/duckstation/src/duckstation-qt/debuggerwindow.h",
			"MU",
			"EWIEGA46WW/moc_debuggerwindow.cpp"
		],
		[
			"/home/pi/Documents/duckstation-auto-build/duckstation/src/duckstation-qt/displaysettingswidget.h",
			"MU",
			"EWIEGA46WW/moc_displaysettingswidget.cpp"
		],
		[
			"/home/pi/Documents/duckstation-auto-build/duckstation/src/duckstation-qt/emulationsettingswidget.h",
			"MU",
			"EWIEGA46WW/moc_emulationsettingswidget.cpp"
		],
		[
			"/home/pi/Documents/duckstation-auto-build/duckstation/src/duckstation-qt/enhancementsettingswidget.h",
			"MU",
			"EWIEGA46WW/moc_enhancementsettingswidget.cpp"
		],
		[
			"/home/pi/Documents/duckstation-auto-build/duckstation/src/duckstation-qt/gamelistmodel.h",
			"MU",
			"EWIEGA46WW/moc_gamelistmodel.cpp"
		],
		[
			"/home/pi/Documents/duckstation-auto-build/duckstation/src/duckstation-qt/gamelistsearchdirectoriesmodel.h",
			"MU",
			"EWIEGA46WW/moc_gamelistsearchdirectoriesmodel.cpp"
		],
		[
			"/home/pi/Documents/duckstation-auto-build/duckstation/src/duckstation-qt/gamelistsettingswidget.h",
			"MU",
			"EWIEGA46WW/moc_gamelistsettingswidget.cpp"
		],
		[
			"/home/pi/Documents/duckstation-auto-build/duckstation/src/duckstation-qt/gamelistwidget.h",
			"MU",
			"EWIEGA46WW/moc_gamelistwidget.cpp"
		],
		[
			"/home/pi/Documents/duckstation-auto-build/duckstation/src/duckstation-qt/gamepropertiesdialog.h",
			"MU",
			"EWIEGA46WW/moc_gamepropertiesdialog.cpp"
		],
		[
			"/home/pi/Documents/duckstation-auto-build/duckstation/src/duckstation-qt/gdbconnection.h",
			"MU",
			"EWIEGA46WW/moc_gdbconnection.cpp"
		],
		[
			"/home/pi/Documents/duckstation-auto-build/duckstation/src/duckstation-qt/gdbserver.h",
			"MU",
			"EWIEGA46WW/moc_gdbserver.cpp"
		],
		[
			"/home/pi/Documents/duckstation-auto-build/duckstation/src/duckstation-qt/generalsettingswidget.h",
			"MU",
			"EWIEGA46WW/moc_generalsettingswidget.cpp"
		],
		[
			"/home/pi/Documents/duckstation-auto-build/duckstation/src/duckstation-qt/hotkeysettingswidget.h",
			"MU",
			"EWIEGA46WW/moc_hotkeysettingswidget.cpp"
		],
		[
			"/home/pi/Documents/duckstation-auto-build/duckstation/src/duckstation-qt/inputbindingdialog.h",
			"MU",
			"EWIEGA46WW/moc_inputbindingdialog.cpp"
		],
		[
			"/home/pi/Documents/duckstation-auto-build/duckstation/src/duckstation-qt/inputbindingmonitor.h",
			"MU",
			"EWIEGA46WW/moc_inputbindingmonitor.cpp"
		],
		[
			"/home/pi/Documents/duckstation-auto-build/duckstation/src/duckstation-qt/inputbindingwidgets.h",
			"MU",
			"EWIEGA46WW/moc_inputbindingwidgets.cpp"
		],
		[
			"/home/pi/Documents/duckstation-auto-build/duckstation/src/duckstation-qt/mainwindow.h",
			"MU",
			"EWIEGA46WW/moc_mainwindow.cpp"
		],
		[
			"/home/pi/Documents/duckstation-auto-build/duckstation/src/duckstation-qt/memorycardeditordialog.h",
			"MU",
			"EWIEGA46WW/moc_memorycardeditordialog.cpp"
		],
		[
			"/home/pi/Documents/duckstation-auto-build/duckstation/src/duckstation-qt/memorycardsettingswidget.h",
			"MU",
			"EWIEGA46WW/moc_memorycardsettingswidget.cpp"
		],
		[
			"/home/pi/Documents/duckstation-auto-build/duckstation/src/duckstation-qt/memoryviewwidget.h",
			"MU",
			"EWIEGA46WW/moc_memoryviewwidget.cpp"
		],
		[
			"/home/pi/Documents/duckstation-auto-build/duckstation/src/duckstation-qt/postprocessingchainconfigwidget.h",
			"MU",
			"EWIEGA46WW/moc_postprocessingchainconfigwidget.cpp"
		],
		[
			"/home/pi/Documents/duckstation-auto-build/duckstation/src/duckstation-qt/postprocessingsettingswidget.h",
			"MU",
			"EWIEGA46WW/moc_postprocessingsettingswidget.cpp"
		],
		[
			"/home/pi/Documents/duckstation-auto-build/duckstation/src/duckstation-qt/postprocessingshaderconfigwidget.h",
			"MU",
			"EWIEGA46WW/moc_postprocessingshaderconfigwidget.cpp"
		],
		[
			"/home/pi/Documents/duckstation-auto-build/duckstation/src/duckstation-qt/qtdisplaywidget.h",
			"MU",
			"EWIEGA46WW/moc_qtdisplaywidget.cpp"
		],
		[
			"/home/pi/Documents/duckstation-auto-build/duckstation/src/duckstation-qt/qthostinterface.h",
			"MU",
			"EWIEGA46WW/moc_qthostinterface.cpp"
		],
		[
			"/home/pi/Documents/duckstation-auto-build/duckstation/src/duckstation-qt/qtprogresscallback.h",
			"MU",
			"EWIEGA46WW/moc_qtprogresscallback.cpp"
		],
		[
			"/home/pi/Documents/duckstation-auto-build/duckstation/src/duckstation-qt/qtutils.h",
			"MU",
			"EWIEGA46WW/moc_qtutils.cpp"
		],
		[
			"/home/pi/Documents/duckstation-auto-build/duckstation/src/duckstation-qt/settingsdialog.h",
			"MU",
			"EWIEGA46WW/moc_settingsdialog.cpp"
		]
	],
	"HEADER_EXTENSIONS" : [ "h", "hh", "h++", "hm", "hpp", "hxx", "in", "txx" ],
	"INCLUDE_DIR" : "/home/pi/Documents/duckstation-auto-build/duckstation/2021-04-26/src/duckstation-qt/duckstation-qt_autogen/include",
	"MOC_COMPILATION_FILE" : "/home/pi/Documents/duckstation-auto-build/duckstation/2021-04-26/src/duckstation-qt/duckstation-qt_autogen/mocs_compilation.cpp",
	"MOC_DEFINITIONS" : 
	[
		"QT_CORE_LIB",
		"QT_GUI_LIB",
		"QT_NETWORK_LIB",
		"QT_NO_DEBUG",
		"QT_WIDGETS_LIB",
		"VIXL_CODE_BUFFER_MALLOC",
		"VIXL_INCLUDE_TARGET_A32",
		"VULKAN_USE_X11=1",
		"WITH_CHEEVOS=1",
		"WITH_DISCORD_PRESENCE=1",
		"WITH_EVDEV=1",
		"WITH_IMGUI=1",
		"WITH_RECOMPILER=1",
		"WITH_SDL2=1",
		"_FILE_OFFSET_BITS=64"
	],
	"MOC_DEPEND_FILTERS" : 
	[
		[
			"Q_PLUGIN_METADATA",
			"[\n][ \t]*Q_PLUGIN_METADATA[ \t]*\\([^\\)]*FILE[ \t]*\"([^\"]+)\""
		]
	],
	"MOC_INCLUDES" : 
	[
		"/usr/include/arm-linux-gnueabihf/qt5/QtGui/5.11.3",
		"/usr/include/arm-linux-gnueabihf/qt5/QtGui/5.11.3/QtGui",
		"/usr/include/arm-linux-gnueabihf/qt5/QtCore/5.11.3",
		"/usr/include/arm-linux-gnueabihf/qt5/QtCore/5.11.3/QtCore",
		"/home/pi/Documents/duckstation-auto-build/duckstation/src",
		"/home/pi/Documents/duckstation-auto-build/duckstation/src",
		"/home/pi/Documents/duckstation-auto-build/duckstation/dep/zlib/include",
		"/home/pi/Documents/duckstation-auto-build/duckstation/dep/vulkan-loader/include",
		"/home/pi/Documents/duckstation-auto-build/duckstation/dep/vixl/include",
		"/home/pi/Documents/duckstation-auto-build/duckstation/dep/glad/include",
		"/home/pi/Documents/duckstation-auto-build/duckstation/dep/cubeb/include",
		"/home/pi/Documents/duckstation-auto-build/duckstation/dep/imgui/include",
		"/home/pi/Documents/duckstation-auto-build/duckstation/dep/simpleini/include",
		"/home/pi/Documents/duckstation-auto-build/duckstation/dep/tinyxml2/include",
		"/home/pi/Documents/duckstation-auto-build/duckstation/dep/rapidjson/include",
		"/home/pi/Documents/duckstation-auto-build/duckstation/dep/minizip/include",
		"/usr/include/arm-linux-gnueabihf/qt5",
		"/usr/include/arm-linux-gnueabihf/qt5/QtCore",
		"/usr/lib/arm-linux-gnueabihf/qt5/mkspecs/linux-g++",
		"/usr/include/arm-linux-gnueabihf/qt5/QtGui",
		"/usr/include/arm-linux-gnueabihf/qt5/QtWidgets",
		"/usr/include/arm-linux-gnueabihf/qt5/QtNetwork",
		"/usr/include",
		"/usr/include/c++/8",
		"/usr/include/arm-linux-gnueabihf/c++/8",
		"/usr/include/c++/8/backward",
		"/usr/lib/gcc/arm-linux-gnueabihf/8/include",
		"/usr/local/include",
		"/usr/lib/gcc/arm-linux-gnueabihf/8/include-fixed",
		"/usr/include/arm-linux-gnueabihf"
	],
	"MOC_MACRO_NAMES" : [ "Q_OBJECT", "Q_GADGET", "Q_NAMESPACE" ],
	"MOC_OPTIONS" : [],
	"MOC_PATH_PREFIX" : true,
	"MOC_PREDEFS_CMD" : 
	[
		"/usr/bin/c++",
		"-dM",
		"-E",
		"-c",
		"/usr/share/cmake-3.16/Modules/CMakeCXXCompilerABI.cpp"
	],
	"MOC_PREDEFS_FILE" : "/home/pi/Documents/duckstation-auto-build/duckstation/2021-04-26/src/duckstation-qt/duckstation-qt_autogen/moc_predefs.h",
	"MOC_RELAXED_MODE" : false,
	"MOC_SKIP" : [],
	"MULTI_CONFIG" : false,
	"PARALLEL" : 1,
	"PARSE_CACHE_FILE" : "/home/pi/Documents/duckstation-auto-build/duckstation/2021-04-26/src/duckstation-qt/CMakeFiles/duckstation-qt_autogen.dir/ParseCache.txt",
	"QT_MOC_EXECUTABLE" : "/usr/lib/qt5/bin/moc",
	"QT_UIC_EXECUTABLE" : "/usr/lib/qt5/bin/uic",
	"QT_VERSION_MAJOR" : 5,
	"SETTINGS_FILE" : "/home/pi/Documents/duckstation-auto-build/duckstation/2021-04-26/src/duckstation-qt/CMakeFiles/duckstation-qt_autogen.dir/AutogenUsed.txt",
	"SOURCES" : 
	[
		[
			"/home/pi/Documents/duckstation-auto-build/duckstation/src/duckstation-qt/aboutdialog.cpp",
			"MU"
		],
		[
			"/home/pi/Documents/duckstation-auto-build/duckstation/src/duckstation-qt/achievementlogindialog.cpp",
			"MU"
		],
		[
			"/home/pi/Documents/duckstation-auto-build/duckstation/src/duckstation-qt/achievementsettingswidget.cpp",
			"MU"
		],
		[
			"/home/pi/Documents/duckstation-auto-build/duckstation/src/duckstation-qt/advancedsettingswidget.cpp",
			"MU"
		],
		[
			"/home/pi/Documents/duckstation-auto-build/duckstation/src/duckstation-qt/audiosettingswidget.cpp",
			"MU"
		],
		[
			"/home/pi/Documents/duckstation-auto-build/duckstation/src/duckstation-qt/autoupdaterdialog.cpp",
			"MU"
		],
		[
			"/home/pi/Documents/duckstation-auto-build/duckstation/src/duckstation-qt/biossettingswidget.cpp",
			"MU"
		],
		[
			"/home/pi/Documents/duckstation-auto-build/duckstation/src/duckstation-qt/cheatcodeeditordialog.cpp",
			"MU"
		],
		[
			"/home/pi/Documents/duckstation-auto-build/duckstation/src/duckstation-qt/cheatmanagerdialog.cpp",
			"MU"
		],
		[
			"/home/pi/Documents/duckstation-auto-build/duckstation/src/duckstation-qt/consolesettingswidget.cpp",
			"MU"
		],
		[
			"/home/pi/Documents/duckstation-auto-build/duckstation/src/duckstation-qt/controllersettingswidget.cpp",
			"MU"
		],
		[
			"/home/pi/Documents/duckstation-auto-build/duckstation/src/duckstation-qt/debuggermodels.cpp",
			"MU"
		],
		[
			"/home/pi/Documents/duckstation-auto-build/duckstation/src/duckstation-qt/debuggerwindow.cpp",
			"MU"
		],
		[
			"/home/pi/Documents/duckstation-auto-build/duckstation/src/duckstation-qt/displaysettingswidget.cpp",
			"MU"
		],
		[
			"/home/pi/Documents/duckstation-auto-build/duckstation/src/duckstation-qt/emulationsettingswidget.cpp",
			"MU"
		],
		[
			"/home/pi/Documents/duckstation-auto-build/duckstation/src/duckstation-qt/enhancementsettingswidget.cpp",
			"MU"
		],
		[
			"/home/pi/Documents/duckstation-auto-build/duckstation/src/duckstation-qt/gamelistmodel.cpp",
			"MU"
		],
		[
			"/home/pi/Documents/duckstation-auto-build/duckstation/src/duckstation-qt/gamelistsearchdirectoriesmodel.cpp",
			"MU"
		],
		[
			"/home/pi/Documents/duckstation-auto-build/duckstation/src/duckstation-qt/gamelistsettingswidget.cpp",
			"MU"
		],
		[
			"/home/pi/Documents/duckstation-auto-build/duckstation/src/duckstation-qt/gamelistwidget.cpp",
			"MU"
		],
		[
			"/home/pi/Documents/duckstation-auto-build/duckstation/src/duckstation-qt/gamepropertiesdialog.cpp",
			"MU"
		],
		[
			"/home/pi/Documents/duckstation-auto-build/duckstation/src/duckstation-qt/gdbconnection.cpp",
			"MU"
		],
		[
			"/home/pi/Documents/duckstation-auto-build/duckstation/src/duckstation-qt/gdbserver.cpp",
			"MU"
		],
		[
			"/home/pi/Documents/duckstation-auto-build/duckstation/src/duckstation-qt/generalsettingswidget.cpp",
			"MU"
		],
		[
			"/home/pi/Documents/duckstation-auto-build/duckstation/src/duckstation-qt/hotkeysettingswidget.cpp",
			"MU"
		],
		[
			"/home/pi/Documents/duckstation-auto-build/duckstation/src/duckstation-qt/inputbindingdialog.cpp",
			"MU"
		],
		[
			"/home/pi/Documents/duckstation-auto-build/duckstation/src/duckstation-qt/inputbindingmonitor.cpp",
			"MU"
		],
		[
			"/home/pi/Documents/duckstation-auto-build/duckstation/src/duckstation-qt/inputbindingwidgets.cpp",
			"MU"
		],
		[
			"/home/pi/Documents/duckstation-auto-build/duckstation/src/duckstation-qt/main.cpp",
			"MU"
		],
		[
			"/home/pi/Documents/duckstation-auto-build/duckstation/src/duckstation-qt/mainwindow.cpp",
			"MU"
		],
		[
			"/home/pi/Documents/duckstation-auto-build/duckstation/src/duckstation-qt/memorycardeditordialog.cpp",
			"MU"
		],
		[
			"/home/pi/Documents/duckstation-auto-build/duckstation/src/duckstation-qt/memorycardsettingswidget.cpp",
			"MU"
		],
		[
			"/home/pi/Documents/duckstation-auto-build/duckstation/src/duckstation-qt/memoryviewwidget.cpp",
			"MU"
		],
		[
			"/home/pi/Documents/duckstation-auto-build/duckstation/src/duckstation-qt/postprocessingchainconfigwidget.cpp",
			"MU"
		],
		[
			"/home/pi/Documents/duckstation-auto-build/duckstation/src/duckstation-qt/postprocessingsettingswidget.cpp",
			"MU"
		],
		[
			"/home/pi/Documents/duckstation-auto-build/duckstation/src/duckstation-qt/postprocessingshaderconfigwidget.cpp",
			"MU"
		],
		[
			"/home/pi/Documents/duckstation-auto-build/duckstation/src/duckstation-qt/qtdisplaywidget.cpp",
			"MU"
		],
		[
			"/home/pi/Documents/duckstation-auto-build/duckstation/src/duckstation-qt/qthostinterface.cpp",
			"MU"
		],
		[
			"/home/pi/Documents/duckstation-auto-build/duckstation/src/duckstation-qt/qtprogresscallback.cpp",
			"MU"
		],
		[
			"/home/pi/Documents/duckstation-auto-build/duckstation/src/duckstation-qt/qtutils.cpp",
			"MU"
		],
		[
			"/home/pi/Documents/duckstation-auto-build/duckstation/src/duckstation-qt/settingsdialog.cpp",
			"MU"
		]
	],
	"UIC_OPTIONS" : [],
	"UIC_SEARCH_PATHS" : [],
	"UIC_SKIP" : [],
	"UIC_UI_FILES" : [],
	"VERBOSITY" : 0
}
